Titles	Comedy	Romance	Adventure	Biography	Drama	History	Action	Crime	Thriller	Mystery	Scifi	Fantasy	Western	Music	War	Family	Sport	Documentary	Short
shakespeare in love	+	+	-	-	+	-	-	-	-	-	-	-	-	-	-	-	-	-	-
seven days to live	-	-	-	-	+	-	-	-	+	-	-	-	-	-	-	-	-	-	-
miami vice	-	-	-	-	+	-	+	+	+	-	-	-	-	-	-	-	-	-	-
le grand bleu	-	+	+	-	+	-	-	-	-	-	-	-	-	-	-	-	-	-	-
smoke	+	-	-	-	+	-	-	-	-	-	-	-	-	-	-	-	-	-	-
spacejacked	-	-	-	-	-	-	+	-	-	-	+	-	-	-	-	-	-	-	-
sling blade	-	-	-	-	+	-	-	-	-	-	-	-	-	-	-	-	-	-	-
spare me	-	-	-	-	-	-	-	-	+	-	-	-	-	-	-	-	-	-	-
bound	-	-	-	-	+	-	-	+	+	-	-	-	-	-	-	-	-	-	-
bones	-	-	-	-	-	-	-	+	-	-	-	-	-	-	-	-	-	-	-
brazil	-	-	-	-	+	-	-	-	-	-	+	+	-	-	-	-	-	-	-
the bourne identity	-	-	+	-	-	-	+	-	+	+	-	-	-	-	-	-	-	-	-
broadcast news	+	+	-	-	+	-	-	-	-	-	-	-	-	-	-	-	-	-	-
bringing out the dead	-	-	-	-	+	-	-	-	+	-	-	-	-	-	-	-	-	-	-
buffy the vampire slayer	+	-	-	-	-	-	+	-	-	-	-	-	-	-	-	-	-	-	-
a bucket of blood	+	-	-	-	-	-	-	-	-	-	-	-	-	-	-	-	-	-	-
casino	-	-	-	+	+	-	-	+	-	-	-	-	-	-	-	-	-	-	-
bull durham	+	+	-	-	-	-	-	-	-	-	-	-	-	-	-	-	+	-	-
jason lives: friday the 13th part vi	+	-	-	-	-	-	-	-	+	-	-	-	-	-	-	-	-	-	-
jason goes to hell: the final friday	-	-	-	-	-	-	-	-	+	-	-	-	-	-	-	-	-	-	-
the getaway	-	-	+	-	-	-	+	+	+	-	-	-	-	-	-	-	-	-	-
get carter	-	-	-	-	+	-	+	+	+	-	-	-	-	-	-	-	-	-	-
gandhi	-	-	-	+	+	+	-	-	-	-	-	-	-	-	-	-	-	-	-
gattaca	-	+	-	-	+	-	-	-	+	-	+	-	-	-	-	-	-	-	-
thirteen days	-	-	-	-	+	+	-	-	+	-	-	-	-	-	-	-	-	-	-
thunderheart	-	-	-	-	-	-	-	+	+	+	-	-	+	-	-	-	-	-	-
thelma & louise	-	-	-	-	+	-	-	+	+	-	-	-	-	-	-	-	-	-	-
there's something about mary	+	+	-	-	-	-	-	-	-	-	-	-	-	-	-	-	-	-	-
the time machine	-	-	+	-	-	-	+	-	-	-	+	-	-	-	-	-	-	-	-
the jacket	-	-	-	-	+	-	-	-	+	+	+	+	-	-	-	-	-	-	-
the lost boys	+	-	-	-	-	-	-	-	+	-	-	+	-	-	-	-	-	-	-
the thing	-	-	-	-	-	-	-	-	+	+	+	-	-	-	-	-	-	-	-
the crow: salvation	-	-	-	-	-	-	+	+	+	+	-	+	-	-	-	-	-	-	-
the day the earth stood still	-	-	-	-	+	-	-	-	+	-	+	-	-	-	-	-	-	-	-
the bourne supremacy	-	-	+	-	-	-	+	-	+	+	-	-	-	-	-	-	-	-	-
bottle rocket	+	-	-	-	-	-	-	+	-	-	-	-	-	-	-	-	-	-	-
the boondock saints	-	-	-	-	+	-	+	+	+	-	-	-	-	-	-	-	-	-	-
blue velvet	-	-	-	-	-	-	-	+	+	+	-	-	-	-	-	-	-	-	-
blast from the past	+	+	-	-	+	-	-	-	-	-	-	-	-	-	-	-	-	-	-
blade runner	-	-	-	-	+	-	-	-	+	-	+	-	-	-	-	-	-	-	-
black rain	-	-	-	-	+	-	+	+	+	-	-	-	-	-	-	-	-	-	-
black snake moan	-	-	-	-	+	-	-	-	-	-	-	-	-	-	-	-	-	-	-
birthday girl	+	+	-	-	-	-	-	+	+	-	-	-	-	-	-	-	-	-	-
big fish	-	-	+	-	+	-	-	-	-	-	-	+	-	-	-	-	-	-	-
mission: impossible	-	-	+	-	-	-	+	-	+	-	-	-	-	-	-	-	-	-	-
mission: impossible ii	-	-	+	-	-	-	+	-	+	-	-	-	-	-	-	-	-	-	-
misery	-	-	-	-	-	-	-	-	+	-	-	-	-	-	-	-	-	-	-
mimic	-	-	-	-	+	-	-	-	-	-	+	-	-	-	-	-	-	-	-
arcade	-	-	-	-	-	-	-	-	-	-	+	-	-	-	-	-	-	-	-
mrs brown	-	+	-	+	+	+	-	-	-	-	-	-	-	-	-	-	-	-	-
monty python and the holy grail	+	-	+	-	-	-	-	-	-	-	-	-	-	-	-	-	-	-	-
moonstruck	+	+	-	-	+	-	-	-	-	-	-	-	-	-	-	-	-	-	-
friday the 13th part viii: jason takes manhattan	-	-	-	-	-	-	-	-	-	-	-	-	-	-	-	-	-	-	-
"murderland"	-	-	-	-	+	-	-	+	-	+	-	-	-	-	-	-	-	-	-
mulholland dr.	-	-	-	-	+	-	-	-	+	+	-	-	-	-	-	-	-	-	-
star trek: insurrection	-	-	+	-	-	-	+	-	+	-	+	-	-	-	-	-	-	-	-
star trek iv: the voyage home	+	-	+	-	-	-	-	-	-	-	+	-	-	-	-	-	-	-	-
star trek vi: the undiscovered country	-	-	-	-	-	-	+	-	+	+	+	-	-	-	-	-	-	-	-
superman ii	-	+	+	-	-	-	+	-	-	-	+	+	-	-	-	-	-	-	-
superman iv: the quest for peace	-	-	+	-	-	-	+	-	-	-	+	+	-	-	-	+	-	-	-
supergirl	-	-	+	-	-	-	+	-	-	-	+	-	-	-	-	-	-	-	-
star trek: first contact	-	-	+	-	-	-	+	-	+	-	+	-	-	-	-	-	-	-	-
sweet smell of success	-	-	-	-	+	-	-	-	-	-	-	-	-	-	-	-	-	-	-
terminator 2: judgment day	-	-	-	-	-	-	+	-	+	-	+	-	-	-	-	-	-	-	-
game 6	+	-	-	-	+	-	-	-	-	-	-	-	-	-	-	-	+	-	-
the sweet hereafter	-	-	-	-	+	-	-	-	-	-	-	-	-	-	-	-	-	-	-
star trek: generations	-	-	-	-	-	-	+	-	+	+	+	-	-	-	-	-	-	-	-
taking sides	-	-	-	-	+	-	-	-	-	-	-	-	-	+	+	-	-	-	-
the terminator	-	-	-	-	-	-	+	-	+	-	+	-	-	-	-	-	-	-	-
stalag 17	-	-	-	-	+	-	-	-	-	-	-	-	-	-	+	-	-	-	-
star trek: the wrath of khan	-	-	+	-	-	-	+	-	+	-	+	-	-	-	-	-	-	-	-
star trek iii: the search for spock	-	-	+	-	-	-	+	-	+	-	+	-	-	-	-	-	-	-	-
nick of time	-	-	-	-	+	-	-	+	+	-	-	-	-	-	-	-	-	-	-
the night of the hunter	-	-	-	-	+	-	-	-	+	-	-	-	-	-	-	-	-	-	-
napoleon	-	-	+	-	-	-	-	-	-	-	-	-	-	-	-	+	-	-	-
next friday	+	-	-	-	-	-	-	-	-	-	-	-	-	-	-	-	-	-	-
the mummy	-	-	+	-	-	-	+	-	-	-	-	+	-	-	-	-	-	-	-
mystery men	+	-	-	-	-	-	+	-	-	-	-	+	-	-	-	-	-	-	-
mr. deeds goes to town	+	+	-	-	-	-	-	-	-	-	-	-	-	-	-	-	-	-	-
mumford	+	-	-	-	+	-	-	-	-	-	-	-	-	-	-	-	-	-	-
a nightmare on elm street	-	-	-	-	-	-	-	-	-	-	-	-	-	-	-	-	-	-	-
ninotchka	+	+	-	-	-	-	-	-	-	-	-	-	-	-	-	-	-	-	-
starman	-	+	+	-	+	-	-	-	-	-	+	-	-	-	-	-	-	-	-
star trek: nemesis	-	-	-	-	-	-	+	-	+	-	+	-	-	-	-	-	-	-	-
the fifth element	-	+	+	-	-	-	+	-	+	-	+	-	-	-	-	-	-	-	-
48 hrs.	+	-	-	-	+	-	+	+	+	-	-	-	-	-	-	-	-	-	-
a nightmare on elm street 4: the dream master	-	-	-	-	-	-	-	-	+	-	-	+	-	-	-	-	-	-	-
8mm	-	-	-	-	-	-	-	+	+	+	-	-	-	-	-	-	-	-	-
1492: conquest of paradise	-	-	+	+	+	+	-	-	-	-	-	-	-	-	-	-	-	-	-
10 things i hate about you	+	+	-	-	-	-	-	-	-	-	-	-	-	-	-	-	-	-	-
2001: a space odyssey	-	-	+	-	-	-	-	-	-	+	+	-	-	-	-	-	-	-	-
15 minutes	-	-	-	-	+	-	+	+	+	-	-	-	-	-	-	-	-	-	-
the atomic submarine	-	-	-	-	-	-	-	-	+	-	+	-	-	-	-	-	-	-	-
a nightmare on elm street: the dream child	-	-	-	-	-	-	-	-	+	-	-	+	-	-	-	-	-	-	-
wonder boys	+	-	-	-	+	-	-	-	-	-	-	-	-	-	-	-	-	-	-
high fidelity	+	+	-	-	+	-	-	-	-	-	-	-	-	+	-	-	-	-	-
highlander	-	-	-	-	-	-	+	-	-	-	-	+	-	-	-	-	-	-	-
hellboy	-	-	+	-	-	-	+	-	-	-	-	+	-	-	-	-	-	-	-
hellraiser	-	-	-	-	-	-	-	-	-	-	-	-	-	-	-	-	-	-	-
harold and maude	+	+	-	-	-	-	-	-	-	-	-	-	-	-	-	-	-	-	-
hellbound: hellraiser ii	-	-	-	-	+	-	-	-	+	-	-	-	-	-	-	-	-	-	-
happy birthday, wanda june	+	-	-	-	+	-	-	-	-	-	-	-	-	-	-	-	-	-	-
hardcore	-	-	-	-	+	-	-	-	-	-	-	-	-	-	-	-	-	-	-
halloween h20: 20 years later	-	-	-	-	+	-	-	-	+	-	-	-	-	-	-	-	-	-	-
halloween: the curse of michael myers	-	-	-	-	-	-	-	-	+	-	-	-	-	-	-	-	-	-	-
the woodsman	-	-	-	-	+	-	-	-	-	-	-	-	-	-	-	-	-	-	-
trainspotting	-	-	-	-	+	-	-	+	-	-	-	-	-	-	-	-	-	-	-
witness	-	+	-	-	+	-	-	-	+	-	-	-	-	-	-	-	-	-	-
star trek v: the final frontier	-	-	+	-	-	-	+	-	+	-	+	-	-	-	-	-	-	-	-
u-turn	-	-	-	-	+	-	-	-	-	-	-	-	-	-	-	-	-	-	-
midnight cowboy	-	-	-	-	+	-	-	-	-	-	-	-	-	-	-	-	-	-	-
midnight express	-	-	-	+	+	-	-	+	+	-	-	-	-	-	-	-	-	-	-
man on the moon	+	-	-	+	+	-	-	-	-	-	-	-	-	-	-	-	-	-	-
the matrix	-	-	+	-	-	-	+	-	-	-	+	-	-	-	-	-	-	-	-
manhunt	-	-	+	-	-	-	+	+	+	-	-	-	-	-	-	-	-	-	-
manhunter	-	-	-	-	-	-	-	+	+	-	-	-	-	-	-	-	-	-	-
memento	-	-	-	-	+	-	-	+	+	+	-	-	-	-	-	-	-	-	-
glengarry glen ross	-	-	-	-	+	-	-	-	-	-	-	-	-	-	-	-	-	-	-
halloween iii: season of the witch	-	-	-	-	-	-	-	-	-	+	+	-	-	-	-	-	-	-	-
meet joe black	-	+	-	-	+	-	-	-	-	+	-	+	-	-	-	-	-	-	-
the godfather: part ii	-	-	-	-	+	-	-	+	+	-	-	-	-	-	-	-	-	-	-
u turn	-	-	-	-	+	-	-	+	+	-	-	-	-	-	-	-	-	-	-
antz	+	-	+	-	-	-	-	-	-	-	-	-	-	-	-	+	-	-	-
the anniversary party	+	-	-	-	+	-	-	-	-	-	-	-	-	-	-	-	-	-	-
apocalypse now	-	-	-	-	+	-	-	-	-	-	-	-	-	-	+	-	-	-	-
the apartment	+	+	-	-	+	-	-	-	-	-	-	-	-	-	-	-	-	-	-
an american werewolf in paris	+	+	-	-	-	-	-	-	+	-	-	-	-	-	-	-	-	-	-
american pie	+	+	-	-	-	-	-	-	-	-	-	-	-	-	-	-	-	-	-
dune	-	-	+	-	-	-	+	-	-	-	+	-	-	-	-	-	-	-	-
ed wood	+	-	-	+	+	-	-	-	-	-	-	-	-	-	-	-	-	-	-
do the right thing	-	-	-	-	+	-	-	-	-	-	-	-	-	-	-	-	-	-	-
dumb and dumberer: when harry met lloyd	+	-	-	-	-	-	-	-	-	-	-	-	-	-	-	-	-	-	-
dog day afternoon	-	-	-	-	+	-	-	+	-	-	-	-	-	-	-	-	-	-	-
domino	-	-	-	-	+	-	+	+	+	-	-	-	-	-	-	-	-	-	-
the devil and daniel webster	+	-	-	-	+	-	-	-	-	-	-	+	-	-	-	-	-	-	-
arctic blue	-	-	-	-	-	-	+	-	+	-	-	-	-	-	-	-	-	-	-
the deer hunter	-	-	-	-	+	-	-	-	-	-	-	-	-	-	+	-	-	-	-
demolition man	-	-	-	-	-	-	+	+	-	-	+	-	-	-	-	-	-	-	-
scream 3	-	-	-	-	-	-	-	-	+	+	-	-	-	-	-	-	-	-	-
scream	-	-	-	-	-	-	-	+	+	+	-	-	-	-	-	-	-	-	-
schindler's list	-	-	-	+	+	+	-	-	-	-	-	-	-	-	+	-	-	-	-
scream 2	-	-	-	-	-	-	-	-	+	+	-	-	-	-	-	-	-	-	-
life as a house	-	+	-	-	+	-	-	-	-	-	-	-	-	-	-	-	-	-	-
legend	-	+	+	-	-	-	-	-	-	-	-	+	-	-	-	-	-	-	-
salt of the earth	-	-	-	-	+	+	-	-	-	-	-	-	-	-	-	-	-	-	-
the salton sea	-	-	-	-	+	-	-	+	+	+	-	-	-	-	-	-	-	-	-
labor of love	-	-	-	-	-	-	-	-	-	-	-	-	-	-	-	-	-	-	-
léon	-	-	-	-	+	-	-	+	+	-	-	-	-	-	-	-	-	-	-
legally blonde	+	-	-	-	-	-	-	-	-	-	-	-	-	-	-	-	-	-	-
leaving las vegas	-	+	-	-	+	-	-	-	-	-	-	-	-	-	-	-	-	-	-
kids	-	-	-	-	+	-	-	+	-	-	-	-	-	-	-	-	-	-	-
kalifornia	-	-	-	-	+	-	-	+	+	-	-	-	-	-	-	-	-	-	-
krull	-	-	+	-	-	-	+	-	-	-	+	+	-	-	-	-	-	-	-
knight moves	-	-	-	-	-	-	-	-	+	+	-	-	-	-	-	-	-	-	-
fear and loathing in las vegas	-	-	-	-	+	-	-	-	-	-	-	+	-	-	-	-	-	-	-
feast	+	-	-	-	-	-	+	-	+	-	-	-	-	-	-	-	-	-	-
frances	-	-	-	+	+	-	-	-	-	-	-	-	-	-	-	-	-	-	-
frankenstein	-	-	-	-	+	-	-	-	-	-	+	-	-	-	-	-	-	-	-
friday the 13th	-	-	-	-	-	-	-	-	-	-	-	-	-	-	-	-	-	-	-
from dusk till dawn	-	-	-	-	-	-	+	+	+	-	-	-	-	-	-	-	-	-	-
g.i. jane	-	-	-	-	+	-	+	-	-	-	-	-	-	-	-	-	-	-	-
godzilla	-	-	-	-	-	-	+	-	+	-	+	-	-	-	-	-	-	-	-
galaxy quest	+	-	+	-	-	-	+	-	-	-	+	-	-	-	-	-	-	-	-
george washington	-	-	-	-	+	-	-	-	-	-	-	-	-	-	-	-	-	-	-
planet of the apes	-	-	+	-	-	-	+	-	+	-	+	-	-	-	-	-	-	-	-
someone to watch over me	-	+	-	-	+	-	+	+	+	-	-	-	-	-	-	-	-	-	-
spider-man	-	-	+	-	-	-	+	-	+	-	+	+	-	-	-	-	-	-	-
the sixth sense	-	-	-	-	+	-	-	-	+	+	-	-	-	-	-	-	-	-	-
slash	+	-	-	-	-	-	-	-	+	-	-	-	-	-	-	-	-	-	-
silverado	-	-	-	-	-	-	+	-	-	-	-	-	+	-	-	-	-	-	-
simone	-	-	-	-	+	-	-	-	+	-	-	-	-	-	-	-	-	-	+
smokin' aces	-	-	-	-	+	-	+	+	+	-	-	-	-	-	-	-	-	-	-
solaris	-	+	-	-	+	-	-	-	-	+	+	-	-	-	-	-	-	-	-
slither	+	-	-	-	-	-	-	-	-	-	+	-	-	-	-	-	-	-	-
smokey and the bandit	+	+	-	-	-	-	+	+	-	-	-	-	-	-	-	-	-	-	-
willow	-	+	+	-	+	-	+	-	-	-	-	+	-	-	-	-	-	-	-
watchmen	-	-	-	-	-	-	+	+	+	+	+	+	-	-	-	-	-	-	-
xxx	-	-	+	-	-	-	+	+	-	-	-	-	-	-	-	-	-	-	-
the wizard of oz	-	-	+	-	-	-	-	-	-	-	-	+	-	-	-	+	-	-	-
the world is not enough	-	-	+	-	-	-	+	-	+	-	-	-	-	-	-	-	-	-	-
zulu dawn	-	-	+	-	+	+	+	-	-	-	-	-	-	-	+	-	-	-	-
x-men	-	-	-	-	-	-	+	-	-	-	+	-	-	-	-	-	-	-	-
young frankenstein	+	-	-	-	-	-	-	-	-	-	+	-	-	-	-	-	-	-	-
wild things	-	-	-	-	-	-	-	+	+	+	-	-	-	-	-	-	-	-	-
what lies beneath	-	-	-	-	+	-	-	-	+	+	-	-	-	-	-	-	-	-	-
waxwork	+	-	-	-	-	-	-	-	-	-	-	+	-	-	-	-	-	-	-
a walk to remember	-	+	-	-	+	-	-	-	-	-	-	-	-	-	-	-	-	-	-
back to the future	-	-	+	-	-	-	-	-	-	-	+	-	-	-	-	+	-	-	-
human nature	+	-	-	-	+	-	-	-	-	-	-	-	-	-	-	-	-	-	-
house of 1000 corpses	-	-	-	-	-	-	-	-	-	-	-	-	-	-	-	-	-	-	-
annie hall	+	+	-	-	+	-	-	-	-	-	-	-	-	-	-	-	-	-	-
i am legend	-	-	-	-	+	-	-	-	+	-	+	-	-	-	-	-	-	-	-
anastasia	-	-	+	-	+	-	-	-	-	-	-	-	-	-	-	+	-	-	-
the hustler	-	+	-	-	+	-	-	-	-	-	-	-	-	-	-	-	+	-	-
independence day	-	-	+	-	-	-	+	-	+	-	+	-	-	-	-	-	-	-	-
invaders from mars	-	-	-	-	-	-	-	-	-	-	+	-	-	-	-	-	-	-	-
as good as it gets	+	+	-	-	+	-	-	-	-	-	-	-	-	-	-	-	-	-	-
die hard	-	-	-	-	-	-	+	+	+	-	-	-	-	-	-	-	-	-	-
the beach	-	+	+	-	+	-	-	-	+	-	-	-	-	-	-	-	-	-	-
the third man	-	-	-	-	-	-	-	-	+	+	-	-	-	-	-	-	-	-	-
body of evidence	-	+	-	-	+	-	-	-	+	-	-	-	-	-	-	-	-	-	-
the bridges of madison county	-	+	-	-	+	-	-	-	-	-	-	-	-	-	-	-	-	-	-
blood simple.	-	-	-	-	+	-	-	+	+	-	-	-	-	-	-	-	-	-	-
bloodmoon	-	-	-	-	-	-	+	-	+	-	-	-	-	-	-	-	-	-	-
blow	-	-	-	+	+	-	-	+	-	-	-	-	-	-	-	-	-	-	-
la battaglia di algeri	-	-	-	-	+	+	-	-	-	-	-	-	-	-	+	-	-	-	-
the black dahlia	-	-	-	-	+	+	-	+	+	+	-	-	-	-	-	-	-	-	-
blade ii	-	-	+	-	-	-	+	-	+	-	-	+	-	-	-	-	-	-	-
blade	-	-	+	-	-	-	+	-	+	-	-	+	-	-	-	-	-	-	-
book of shadows: blair witch 2	-	-	-	-	-	-	-	+	+	+	-	-	-	-	-	-	-	-	-
saving private ryan	-	-	-	-	+	+	+	-	-	-	-	-	-	-	+	-	-	-	-
say anything...	+	+	-	-	+	-	-	-	-	-	-	-	-	-	-	-	-	-	-
the haunting	-	-	-	-	-	-	-	-	+	+	-	-	-	-	-	-	-	-	-
the game	-	-	-	-	+	-	-	-	+	+	-	-	-	-	-	-	-	-	-
the body snatcher	-	-	-	-	+	-	-	-	+	-	-	-	-	-	-	-	-	-	-
the birds	-	+	-	-	-	-	-	-	+	-	-	-	-	-	-	-	-	-	-
suspect zero	-	-	-	-	-	-	-	+	+	-	+	-	-	-	-	-	-	-	-
strange days	-	-	-	-	+	-	+	+	+	+	+	+	-	+	-	-	-	-	-
the godfather	-	-	-	-	+	-	-	+	+	-	-	-	-	-	-	-	-	-	-
swingers	+	-	-	-	+	-	-	-	-	-	-	-	-	-	-	-	-	-	-
taxi driver	-	-	-	-	+	-	-	-	+	-	-	-	-	-	-	-	-	-	-
the talented mr. ripley	-	-	-	-	+	-	-	+	+	-	-	-	-	-	-	-	-	-	-
the majestic	-	+	-	-	+	-	-	-	-	-	-	-	-	-	-	-	-	-	-
the rock	-	-	+	-	-	-	+	-	+	-	-	-	-	-	-	-	-	-	-
pretty woman	+	+	-	-	-	-	-	-	-	-	-	-	-	-	-	-	-	-	-
highlander iii: the sorcerer	-	-	-	-	-	-	+	-	-	-	+	+	-	-	-	-	-	-	-
hostage	-	-	-	-	+	-	+	+	+	-	-	-	-	-	-	-	-	-	-
seven	-	-	-	-	+	-	+	-	-	-	-	-	-	-	-	-	-	-	-
hannah and her sisters	+	+	-	-	+	-	-	-	-	-	-	-	-	-	-	-	-	-	-
hannibal	-	-	-	-	-	-	-	+	+	-	-	-	-	-	-	-	-	-	-
happy campers	+	-	-	-	-	-	-	-	-	-	-	-	-	-	-	-	-	-	-
heathers	+	-	-	-	-	-	-	+	-	-	-	-	-	-	-	-	-	-	-
heavenly creatures	-	-	-	-	+	-	-	+	+	-	-	+	-	-	-	-	-	-	-
hellraiser: hellseeker	-	-	-	-	-	-	-	-	+	+	-	-	-	-	-	-	-	-	-
hero	+	-	-	-	+	-	-	-	-	-	-	-	-	-	-	-	-	-	-
hider in the house	-	-	-	-	-	-	-	-	+	-	-	-	-	-	-	-	-	-	-
barry lyndon	-	+	-	-	+	-	-	-	-	-	-	-	-	-	+	-	-	-	-
basic	-	-	-	-	+	-	-	+	+	+	-	-	-	-	-	-	-	-	-
bachelor party	+	+	-	-	-	-	-	-	-	-	-	-	-	-	-	-	-	-	-
backdraft	-	-	-	-	+	-	+	+	+	+	-	-	-	-	-	-	-	-	-
bad lieutenant	-	-	-	-	+	-	-	+	-	-	-	-	-	-	-	-	-	-	-
bamboozled	+	-	-	-	+	-	-	-	-	-	-	-	-	+	-	-	-	-	-
american psycho	-	-	-	-	+	-	-	-	+	-	-	-	-	-	-	-	-	-	-
antitrust	-	-	-	-	+	-	-	-	+	-	-	-	-	-	-	-	-	-	-
austin powers: international man of mystery	+	-	+	-	-	-	+	+	-	-	-	-	-	-	-	-	-	-	-
the avengers	-	-	+	-	-	-	+	-	+	-	-	-	-	-	-	-	-	-	-
grosse pointe blank	+	+	-	-	-	-	-	+	+	-	-	-	-	-	-	-	-	-	-
the grapes of wrath	-	-	-	-	+	-	-	-	-	-	-	-	-	-	-	-	-	-	-
hackers	-	-	-	-	+	-	+	+	+	-	-	-	-	-	-	-	-	-	-
the horse whisperer	-	+	-	-	+	-	-	-	-	-	-	-	+	-	-	-	-	-	-
gone in sixty seconds	-	-	-	-	-	-	+	+	+	-	-	-	-	-	-	-	-	-	-
gods and monsters	-	-	-	+	+	-	-	-	-	-	-	-	-	-	-	-	-	-	-
good will hunting	-	-	-	-	+	-	-	-	-	-	-	-	-	-	-	-	-	-	-
goodfellas	-	-	-	-	+	-	-	+	+	-	-	-	-	-	-	-	-	-	-
the ploughman's lunch	-	-	-	-	+	-	-	-	-	-	-	-	-	-	-	-	-	-	-
point break	-	-	+	-	+	-	+	+	+	-	-	-	-	-	-	-	+	-	-
platoon	-	-	-	-	+	-	+	-	-	-	-	-	-	-	+	-	-	-	-
playback	-	-	-	-	-	-	-	-	+	-	-	-	-	-	-	-	-	-	-
halloween	-	-	-	-	-	-	-	-	+	-	-	-	-	-	-	-	-	-	-
halloween 4: the return of michael myers	-	-	-	-	-	-	-	-	+	-	-	-	-	-	-	-	-	-	-
pet sematary ii	-	-	-	-	-	-	+	-	+	-	-	-	-	-	-	-	-	-	-
philadelphia	-	-	-	-	+	-	-	-	-	-	-	-	-	-	-	-	-	-	-
lost horizon	-	-	+	-	+	-	-	-	-	+	-	+	-	-	-	-	-	-	-
men in black	+	-	+	-	-	-	+	-	-	-	+	-	-	-	-	-	-	-	-
minority report	-	-	-	-	+	-	+	+	+	+	+	-	-	-	-	-	-	-	-
made	+	-	-	-	+	-	-	+	+	-	-	-	-	-	-	-	-	-	-
the life of david gale	-	-	-	-	+	-	-	+	+	-	-	-	-	-	-	-	-	-	-
little nicky	+	+	-	-	-	-	-	-	-	-	-	+	-	-	-	-	-	-	-
logan's run	-	-	-	-	-	-	+	-	-	-	+	-	-	-	-	-	-	-	-
lost highway	-	-	-	-	+	-	-	-	+	+	-	-	-	-	-	-	-	-	-
malcolm x	-	-	-	+	+	+	-	-	-	-	-	-	-	-	-	-	-	-	-
man on fire	-	-	-	-	+	-	+	+	+	-	-	-	-	-	-	-	-	-	-
ronin	-	-	-	-	-	-	+	+	+	-	-	-	-	-	-	-	-	-	-
route 9	-	-	-	-	+	-	-	+	-	-	-	-	-	-	-	-	-	-	-
rush hour 2	+	-	-	-	-	-	+	+	+	-	-	-	-	-	-	-	-	-	-
rush hour	+	-	-	-	-	-	+	+	+	-	-	-	-	-	-	-	-	-	-
the rocky horror picture show	+	-	-	-	-	-	-	-	-	-	-	-	-	-	-	-	-	-	-
rocky	-	+	-	-	+	-	-	-	-	-	-	-	-	-	-	-	+	-	-
who framed roger rabbit	+	-	+	-	-	-	+	+	-	+	-	+	-	-	-	+	-	-	-
romeo and juliet	-	+	-	-	+	-	-	-	-	-	-	-	-	-	-	-	-	-	-
the truman show	-	-	-	-	+	-	-	-	-	-	-	-	-	-	-	-	-	-	-
the relic	-	-	-	-	-	-	-	-	+	+	-	-	-	-	-	-	-	-	-
the cell	-	-	-	-	+	-	-	-	+	-	+	+	-	-	-	-	-	-	-
the x files	-	-	-	-	-	-	-	+	+	+	+	-	-	-	-	-	-	-	-
runaway bride	+	+	-	-	-	-	-	-	-	-	-	-	-	-	-	-	-	-	-
sleepless in seattle	+	+	-	-	+	-	-	-	-	-	-	-	-	-	-	-	-	-	-
the man who wasn't there	-	-	-	-	+	-	-	+	-	-	-	-	-	-	-	-	-	-	-
the limey	-	-	-	-	+	-	-	+	+	+	-	-	-	-	-	-	-	-	-
no country for old men	-	-	-	-	+	-	-	+	+	+	-	-	+	-	-	-	-	-	-
nixon	-	-	-	+	+	-	-	-	-	-	-	-	-	-	-	-	-	-	-
o brother, where art thou?	+	-	+	-	-	-	-	+	-	-	-	-	-	+	-	-	-	-	-
nurse betty	+	+	-	-	-	-	-	+	+	-	-	-	-	-	-	-	-	-	-
panic room	-	-	-	-	-	-	-	-	+	-	-	-	-	-	-	-	-	-	-
an officer and a gentleman	-	+	-	-	+	-	-	-	-	-	-	-	-	-	-	-	-	-	-
the patriot	-	-	-	-	+	-	+	-	-	-	-	-	-	-	+	-	-	-	-
panther	-	-	-	-	+	-	-	-	-	-	-	-	-	-	-	-	-	-	-
pirates of the caribbean	-	-	+	-	-	-	-	-	-	-	-	+	-	-	-	-	-	-	-
pet sematary	-	-	-	-	+	-	-	-	+	+	-	+	-	-	-	-	-	-	-
superman	-	-	-	-	-	-	+	-	-	-	+	-	-	-	-	+	-	-	-
pitch black	-	-	-	-	-	-	+	-	+	-	+	-	-	-	-	-	-	-	-
fight club	-	-	-	-	+	-	-	+	+	+	-	-	-	-	-	-	-	-	-
final destination 2	-	-	-	-	-	-	-	-	+	-	-	-	-	-	-	-	-	-	-
the family man	+	+	-	-	+	-	-	-	-	-	-	+	-	-	-	-	-	-	-
the fantastic four	-	-	+	-	-	-	+	-	-	-	+	+	-	-	-	-	-	-	-
fantastic voyage	-	-	+	-	-	-	-	-	-	-	+	-	-	-	-	-	-	-	-
fargo	-	-	-	-	+	-	-	+	+	-	-	-	-	-	-	-	-	-	-
excalibur	-	-	+	-	+	-	-	-	-	-	-	+	-	-	-	-	-	-	-
the exorcist	-	-	-	-	-	-	-	-	+	-	-	-	-	-	-	-	-	-	-
the fabulous baker boys	-	+	-	-	+	-	-	-	-	-	-	-	-	+	-	-	-	-	-
face/off	-	-	-	-	+	-	+	+	+	-	+	-	-	-	-	-	-	-	-
escape from l.a.	-	-	+	-	-	-	+	-	+	-	+	-	-	-	-	-	-	-	-
escape from the planet of the apes	-	-	-	-	-	-	-	-	+	-	+	-	-	-	-	-	-	-	-
the abyss	-	-	+	-	+	-	+	-	+	-	+	-	-	-	-	-	-	-	-
l'avventura	-	-	-	-	+	-	-	-	-	+	-	-	-	-	-	-	-	-	-
agnes of god	-	-	-	-	+	-	-	-	+	+	-	-	-	-	-	-	-	-	-
a hard day's night	+	-	-	-	-	-	-	-	-	-	-	-	-	+	-	-	-	-	-
alien	-	-	+	-	-	-	-	-	+	-	+	-	-	-	-	-	-	-	-
alien vs. predator	-	-	+	-	-	-	+	-	-	-	+	-	-	-	-	-	-	-	-
election	+	-	-	-	+	-	-	-	-	-	-	-	-	-	-	-	-	-	-
edtv	+	-	-	-	-	-	-	-	-	-	-	-	-	-	-	-	-	-	-
enemy of the state	-	-	-	-	+	-	+	-	+	-	-	-	-	-	-	-	-	-	-
l.a. confidential	-	-	-	-	+	-	-	+	+	+	-	-	-	-	-	-	-	-	-
entrapment	-	+	-	-	-	-	+	+	+	-	-	-	-	-	-	-	-	-	-
the english patient	-	+	-	-	+	-	-	-	-	-	-	-	-	-	+	-	-	-	-
star wars: the empire strikes back	-	-	+	-	-	-	+	-	-	-	-	+	-	-	-	-	-	-	-
erin brockovich	-	+	-	+	+	-	-	-	-	-	-	-	-	-	-	-	-	-	-
rebel without a cause	-	+	-	-	+	-	-	-	-	-	-	-	-	-	-	-	-	-	-
reindeer games	-	-	-	-	+	-	+	+	+	-	-	-	-	-	-	-	-	-	-
shampoo	-	+	-	-	+	-	-	-	-	-	-	-	-	-	-	-	-	-	-
shallow grave	+	-	-	-	+	-	-	+	+	-	-	-	-	-	-	-	-	-	-
silver bullet	-	-	+	-	+	-	-	-	+	+	-	-	-	-	-	-	-	-	-
the shining	-	-	-	-	-	-	-	-	+	+	-	-	-	-	-	-	-	-	-
sleepy hollow	-	-	-	-	-	-	-	-	+	+	-	+	-	-	-	-	-	-	-
sister act	+	-	-	-	-	-	-	+	-	-	-	-	-	+	-	-	-	-	-
plastic man	-	-	-	-	+	-	-	-	-	-	-	-	-	-	-	-	-	-	-
platinum blonde	+	+	-	-	-	-	-	-	-	-	-	-	-	-	-	-	-	-	-
pleasantville	+	-	-	-	+	-	-	-	-	-	-	+	-	-	-	-	-	-	-
punch-drunk love	+	+	-	-	+	-	-	-	-	-	-	-	-	-	-	-	-	-	-
quills	-	+	-	+	+	+	-	-	-	-	-	-	-	-	-	-	-	-	-
rko 281	-	-	-	+	+	-	-	-	-	-	-	-	-	-	-	-	-	-	-
raging bull	-	-	-	+	+	-	-	-	-	-	-	-	-	-	-	-	+	-	-
rear window	-	+	-	-	-	-	-	+	+	+	-	-	-	-	-	-	-	-	-
eternal sunshine of the spotless mind	-	+	-	-	+	-	-	-	-	-	+	-	-	-	-	-	-	-	-
erik the viking	+	-	+	-	-	-	-	-	-	-	-	+	-	-	-	-	-	-	-
event horizon	-	-	-	-	-	-	-	-	-	+	+	-	-	-	-	-	-	-	-
even cowgirls get the blues	+	+	-	-	+	-	-	-	-	-	-	-	+	-	-	-	-	-	-
drop dead gorgeous	+	-	-	-	-	-	-	-	-	-	-	-	-	-	-	-	-	-	-
donnie darko	-	-	-	-	+	-	-	-	-	+	+	-	-	-	-	-	-	-	-
the elephant man	-	-	-	+	+	+	-	-	-	-	-	-	-	-	-	-	-	-	-
duck soup	+	-	-	-	-	-	-	-	-	-	-	-	-	-	-	-	-	-	-
frequency	-	-	-	-	+	-	-	+	+	-	+	-	-	-	-	-	-	-	-
fast times at ridgemont high	+	+	-	-	+	-	-	-	-	-	-	-	-	-	-	-	-	-	-
fantastic four	-	-	+	-	-	-	+	-	-	-	+	+	-	-	-	-	-	-	-
lost in translation	-	+	-	-	+	-	-	-	-	-	-	-	-	-	-	-	-	-	-
lord of illusions	-	-	-	-	-	-	-	-	+	+	-	+	-	-	-	-	-	-	-
love & basketball	-	+	-	-	+	-	-	-	-	-	-	-	-	-	-	-	+	-	-
lost souls	-	+	-	-	+	-	-	-	+	-	-	-	-	-	-	-	-	-	-
leviathan	-	-	+	-	-	-	-	-	+	+	+	-	-	-	-	-	-	-	-
last of the mohicans	-	-	+	-	-	-	+	-	-	-	-	-	-	-	+	-	-	-	-
lone star	-	+	-	-	+	-	-	-	-	+	-	-	+	-	-	-	-	-	-
lock, stock and two smoking barrels	-	-	-	-	-	-	-	+	+	-	-	-	-	-	-	-	-	-	-
true romance	-	+	-	-	-	-	-	+	+	-	-	-	-	-	-	-	-	-	-
twelve monkeys	-	-	-	-	-	-	-	-	+	+	+	-	-	-	-	-	-	-	-
tron	-	-	+	-	-	-	+	-	+	-	+	-	-	-	-	-	-	-	-
true lies	-	-	-	-	-	-	+	-	+	-	-	-	-	-	-	-	-	-	-
the man in the iron mask	-	-	+	-	+	+	+	-	-	-	-	-	-	-	-	-	-	-	-
magnolia	-	-	-	-	+	-	-	-	-	-	-	-	-	-	-	-	-	-	-
the magic toyshop	-	-	-	-	-	-	-	-	-	-	-	+	-	-	-	-	-	-	-
traffic	-	-	-	-	+	-	-	+	+	-	-	-	-	-	-	-	-	-	-
the lost son	-	+	-	-	+	-	-	+	+	-	-	-	-	-	-	-	-	-	-
the messenger	-	+	-	-	+	-	-	-	-	-	-	-	-	-	+	-	-	-	-
the pianist	-	-	-	+	+	-	-	-	-	-	-	-	-	-	+	-	-	-	-
the piano	-	+	-	-	+	-	-	-	-	-	-	-	-	-	-	-	-	-	-
the believer	-	-	-	-	+	-	-	-	-	-	-	-	-	-	-	-	-	-	-
rambo: first blood part ii	-	-	+	-	-	-	+	-	+	-	-	-	-	-	-	-	-	-	-
the hebrew hammer	+	-	-	-	-	-	-	-	-	-	-	-	-	-	-	-	-	-	-
the leopard man	-	-	-	-	+	-	-	-	+	+	-	-	-	-	-	-	-	-	-
who's your daddy?	+	-	-	-	-	-	-	-	-	-	-	-	-	-	-	-	-	-	-
white angel	-	-	-	-	+	-	-	-	+	-	-	-	-	-	-	-	-	-	-
wild wild west	+	-	-	-	-	-	+	-	-	-	+	-	+	-	-	-	-	-	-
final destination	-	-	-	-	-	-	-	-	+	-	-	-	-	-	-	-	-	-	-
the sting	+	-	-	-	+	-	-	+	-	-	-	-	-	-	-	-	-	-	-
the thin man	+	+	-	-	+	-	-	+	-	+	-	-	-	-	-	-	-	-	-
the witching hour	-	-	-	-	-	-	-	-	-	-	-	-	-	-	-	-	-	+	+
what women want	+	+	-	-	-	-	-	-	-	-	-	+	-	-	-	-	-	-	-
predator	-	-	+	-	-	-	+	-	+	-	+	-	-	-	-	-	-	-	-
the big lebowski	+	-	-	-	-	-	-	+	-	+	-	-	-	-	-	-	-	-	-
beloved	-	-	-	-	+	-	-	-	-	+	-	-	-	-	-	-	-	-	-
being john malkovich	+	+	-	-	+	-	-	-	-	-	-	+	-	-	-	-	-	-	-
being there	+	-	-	-	+	-	-	-	-	-	-	-	-	-	-	-	-	-	-
beetle juice	+	-	-	-	-	-	-	-	-	-	-	+	-	-	-	-	-	-	-
beavis and butt-head do america	+	-	+	-	-	-	-	+	-	-	-	-	-	-	-	-	-	-	-
bean	+	-	-	-	-	-	-	-	-	-	-	-	-	-	-	+	-	-	-
batman	-	-	+	-	+	-	+	+	+	-	-	-	-	-	-	-	-	-	-
batman forever	-	-	-	-	-	-	+	+	+	-	-	+	-	-	-	-	-	-	-
batman and robin	-	-	+	-	+	-	+	+	-	-	+	-	-	-	-	-	-	-	-
friday the 13th part iii	-	-	-	-	-	-	-	-	-	-	-	-	-	-	-	-	-	-	-
the searchers	-	-	+	-	+	-	-	-	-	-	-	-	+	-	-	-	-	-	-
superman iii	+	-	+	-	-	-	+	-	-	-	+	+	-	-	-	-	-	-	-
lake placid	+	-	-	-	-	-	+	-	+	-	-	-	-	-	-	-	-	-	-
the silence of the lambs	-	-	-	-	-	-	-	+	+	-	-	-	-	-	-	-	-	-	-
king kong	-	+	+	-	+	-	-	-	-	-	-	-	-	-	-	-	-	-	-
klute	-	+	-	-	-	-	-	-	+	+	-	-	-	-	-	-	-	-	-
kramer vs. kramer	-	-	-	-	+	-	-	-	-	-	-	-	-	-	-	-	-	-	-
kundun	-	-	-	+	+	+	-	-	-	-	-	-	-	-	+	-	-	-	-
the lost world: jurassic park	-	-	+	-	-	-	+	-	+	-	+	-	-	-	-	-	-	-	-
jurassic park	-	-	+	-	-	-	+	-	-	-	+	+	-	-	-	+	-	-	-
freddy vs. jason	-	-	-	-	-	-	-	-	+	-	-	-	-	-	-	-	-	-	-
kafka	+	-	-	-	+	-	-	-	+	+	+	-	-	-	-	-	-	-	-
air force one	-	-	-	-	+	-	+	-	+	-	-	-	-	-	-	-	-	-	-
affliction	-	-	-	-	+	-	-	-	+	+	-	-	-	-	-	-	-	-	-
airplane!	+	+	-	-	-	-	-	-	-	-	-	-	-	-	-	-	-	-	-
airplane ii: the sequel	+	+	-	-	-	-	-	-	-	-	+	-	-	-	-	-	-	-	-
aliens	-	-	-	-	-	-	+	-	+	-	+	-	-	-	-	-	-	-	-
alien nation	-	-	-	-	+	-	-	+	+	-	+	-	-	-	-	-	-	-	-
an american werewolf in london	-	+	-	-	-	-	-	-	-	-	-	-	-	-	-	-	-	-	-
amadeus	-	-	-	+	+	-	-	-	-	-	-	-	-	+	-	-	-	-	-
american outlaws	-	-	-	-	-	-	+	-	-	-	-	-	+	-	-	-	-	-	-
american madness	-	-	-	-	+	-	-	-	-	-	-	-	-	-	-	-	-	-	-
house on haunted hill	-	-	-	-	-	-	-	-	+	+	-	-	-	-	-	-	-	-	-
hotel rwanda	-	-	+	-	+	+	-	-	+	-	-	-	-	-	+	-	-	-	-
the ice storm	-	-	-	-	+	-	-	-	-	-	-	-	-	-	-	-	-	-	-
i walked with a zombie	-	-	-	-	-	-	-	-	-	-	-	-	-	-	-	-	-	-	-
the hudsucker proxy	+	+	-	-	+	-	-	-	-	-	-	+	-	-	-	-	-	-	-
hudson hawk	+	-	+	-	-	-	+	+	-	-	-	-	-	-	-	-	-	-	-
cliffhanger	-	-	+	-	-	-	+	-	+	-	-	-	-	-	-	-	-	-	-
a clockwork orange	-	-	-	-	+	-	-	+	-	-	+	-	-	-	-	-	-	-	-
collateral	-	-	-	-	+	-	-	+	+	-	-	-	-	-	-	-	-	-	-
conspiracy theory	-	+	-	-	-	-	+	+	+	+	-	-	-	-	-	-	-	-	-
contact	-	-	-	-	+	-	-	-	+	+	+	-	-	-	-	-	-	-	-
cool hand luke	-	-	-	-	+	-	-	+	-	-	-	-	-	-	-	-	-	-	-
copycat	-	-	-	-	-	-	-	+	+	+	-	-	-	-	-	-	-	-	-
crash	-	-	-	-	+	-	-	+	-	-	-	-	-	-	-	-	-	-	-
crazy love	-	-	-	-	-	-	-	-	-	-	-	-	-	-	-	-	-	+	-
crime spree	+	-	-	-	-	-	+	+	-	-	-	-	-	-	-	-	-	-	-
one flew over the cuckoo's nest	-	-	-	-	+	-	-	-	-	-	-	-	-	-	-	-	-	-	-
notting hill	+	+	-	-	-	-	-	-	-	-	-	-	-	-	-	-	-	-	-
on the waterfront	-	+	-	-	+	-	-	+	-	-	-	-	-	-	-	-	-	-	-
only you	+	+	-	-	-	-	-	-	-	-	-	-	-	-	-	-	-	-	-
out of sight	+	+	-	-	-	-	-	+	+	-	-	-	-	-	-	-	-	-	-
orgy of the dead	-	-	-	-	-	-	-	-	-	-	-	+	-	-	-	-	-	-	-
monkeybone	+	+	-	-	-	-	-	-	-	-	-	+	-	-	-	-	-	-	-
mobsters	-	-	-	-	+	-	-	+	-	-	-	-	-	-	-	-	-	-	-
mighty morphin power rangers	-	-	-	-	-	-	+	-	-	-	-	-	-	-	-	+	-	-	-
metropolis	-	-	+	-	+	-	-	-	-	-	+	-	-	-	-	-	-	-	-
metro	+	-	-	-	+	-	+	+	+	-	-	-	-	-	-	-	-	-	-
meet john doe	+	+	-	-	+	-	-	-	-	-	-	-	-	-	-	-	-	-	-
mash	+	-	-	-	+	-	-	-	-	-	-	-	-	-	+	-	-	-	-
marty	-	+	-	-	+	-	-	-	-	-	-	-	-	-	-	-	-	-	-
mr. smith goes to washington	-	-	-	-	+	-	-	-	-	-	-	-	-	-	-	-	-	-	-
my mother dreams the satan's disciples in new york	-	-	-	-	-	-	-	-	-	-	-	-	-	-	-	-	-	-	+
rambling rose	-	-	-	-	+	-	-	-	-	-	-	-	-	-	-	-	-	-	-
quantum project	-	+	+	-	+	-	-	-	-	-	-	-	-	-	-	-	-	-	+
mystery of the wax museum	-	-	-	-	-	-	-	-	+	+	-	-	-	-	-	-	-	-	-
vampyr	-	-	-	-	-	-	-	-	-	-	-	+	-	-	-	-	-	-	-
maniac	-	-	-	-	+	-	-	-	+	-	-	-	-	-	-	-	-	-	-
psycho	-	-	-	-	+	-	-	-	+	+	-	-	-	-	-	-	-	-	-
the producers	+	-	-	-	-	-	-	-	-	-	-	-	-	-	-	-	-	-	-
the princess bride	+	+	+	-	-	-	-	-	-	-	-	+	-	-	-	+	-	-	-
snow falling on cedars	-	+	-	-	+	-	-	-	+	+	-	-	-	-	-	-	-	-	-
soldier	-	-	-	-	+	-	+	-	-	-	+	-	-	-	-	-	-	-	-
some like it hot	+	-	-	-	-	-	-	-	-	-	-	-	-	-	-	-	-	-	-
the wedding date	+	+	-	-	-	-	-	-	-	-	-	-	-	-	-	-	-	-	-
sounder	-	-	-	-	+	-	-	-	-	-	-	-	-	-	-	-	-	-	-
south park: bigger longer & uncut	+	-	-	-	-	-	-	-	-	-	-	-	-	-	-	-	-	-	-
star wars: episode vi - return of the jedi	-	-	+	-	-	-	+	-	-	-	+	+	-	-	-	-	-	-	-
red white black & blue	-	-	-	-	-	-	-	-	-	-	-	-	-	-	-	-	-	+	-
three kings	+	-	+	-	+	-	+	-	-	-	-	-	-	-	+	-	-	-	-
chinatown	-	-	-	-	+	-	-	+	+	+	-	-	-	-	-	-	-	-	-
nuovo cinema paradiso	+	+	-	-	+	-	-	-	-	-	-	-	-	-	-	-	-	-	-
cherry falls	-	-	-	-	-	-	-	-	+	+	-	-	-	-	-	-	-	-	-
chill factor	+	-	+	-	-	-	+	-	+	-	-	-	-	-	-	-	-	-	-
the crying game	-	-	-	-	+	-	-	-	+	-	-	-	-	-	-	-	-	-	-
charade	+	+	-	-	-	-	-	-	+	+	-	-	-	-	-	-	-	-	-
catwoman	-	-	-	-	-	-	+	+	-	-	-	+	-	-	-	-	-	-	-
cellular	-	-	-	-	-	-	+	+	+	-	-	-	-	-	-	-	-	-	-
the french connection	-	-	-	-	-	-	+	+	+	-	-	-	-	-	-	-	-	-	-
the adventures of ford fairlane	+	-	+	-	-	-	+	-	-	-	-	-	-	+	-	-	-	-	-
fletch	+	-	-	-	-	-	-	+	-	+	-	-	-	-	-	-	-	-	-
five feet high and rising	-	-	-	-	-	-	-	-	-	-	-	-	-	-	-	-	-	-	+
five easy pieces	-	-	-	-	+	-	-	-	-	-	-	-	-	-	-	-	-	-	-
the fisher king	+	+	-	-	+	-	-	-	-	-	-	-	-	-	-	-	-	-	-
citizen kane	-	-	-	-	+	-	-	-	-	+	-	-	-	-	-	-	-	-	-
clerks.	+	-	-	-	-	-	-	-	-	-	-	-	-	-	-	-	-	-	-
true believer	-	-	-	-	+	-	-	+	-	-	-	-	-	-	-	-	-	-	-
tremors	+	-	-	-	-	-	+	-	+	-	-	-	-	-	-	-	-	-	-
total recall	-	-	+	-	-	-	+	-	+	-	+	-	-	-	-	-	-	-	-
top gun	-	+	-	-	+	-	+	-	-	-	-	-	-	-	-	-	-	-	-
new nightmare	-	-	-	-	-	-	-	-	+	+	-	+	-	-	-	-	-	-	-
the war of the worlds	-	-	-	-	-	-	+	-	+	-	+	-	-	-	-	-	-	-	-
the verdict	-	-	-	-	+	-	-	-	-	-	-	-	-	-	-	-	-	-	-
twin peaks: fire walk with me	-	-	-	-	+	-	-	-	+	+	-	-	-	-	-	-	-	-	-
wild at heart	-	+	-	-	-	-	-	+	+	-	-	-	-	-	-	-	-	-	-
white squall	-	-	+	-	+	-	-	-	-	-	-	-	-	-	-	-	-	-	-
signs	-	-	-	-	+	-	-	-	+	+	+	-	-	-	-	-	-	-	-
sideways	+	+	-	-	+	-	-	-	-	-	-	-	-	-	-	-	-	-	-
serial mom	+	-	-	-	-	-	-	-	+	-	-	-	-	-	-	-	-	-	-
scary movie 2	+	-	-	-	-	-	-	-	-	-	-	-	-	-	-	-	-	-	-
roughshod	-	+	-	-	+	-	+	-	-	-	-	-	+	-	-	-	-	-	-
reservoir dogs	-	-	-	-	-	-	-	+	+	+	-	-	-	-	-	-	-	-	-
shock treatment	+	-	-	-	-	-	-	-	-	-	-	-	-	-	-	-	-	-	-
shivers	-	-	-	-	-	-	-	-	-	-	+	-	-	-	-	-	-	-	-
sex, lies, and videotape	-	-	-	-	+	-	-	-	-	-	-	-	-	-	-	-	-	-	-
the seventh victim	-	-	-	-	+	-	-	-	+	-	-	-	-	-	-	-	-	-	-
dark angel	-	-	-	-	+	-	+	+	+	-	+	-	-	-	-	-	-	-	-
detroit rock city	+	-	-	-	-	-	-	-	-	-	-	-	-	+	-	-	-	-	-
casablanca	-	+	-	-	+	-	-	-	-	-	-	-	-	-	+	-	-	-	-
cast away	-	-	+	-	+	-	-	-	-	-	-	-	-	-	-	-	-	-	-
braveheart	-	-	-	+	+	+	+	-	-	-	-	-	-	-	+	-	-	-	-
the butterfly effect	-	-	-	-	+	-	-	-	+	+	+	-	-	-	-	-	-	-	-
croupier	-	-	-	-	+	-	-	+	-	-	-	-	-	-	-	-	-	-	-
dark star	+	-	-	-	-	-	-	-	+	-	+	-	-	-	-	-	-	-	-
the cider house rules	-	+	-	-	+	-	-	-	-	-	-	-	-	-	-	-	-	-	-
confidence	-	-	-	-	-	-	-	+	+	-	-	-	-	-	-	-	-	-	-
my girl 2	+	+	-	-	+	-	-	-	-	-	-	-	-	-	-	+	-	-	-
my girl	+	+	-	-	+	-	-	-	-	-	-	-	-	-	-	+	-	-	-
my best friend's wedding	+	+	-	-	-	-	-	-	-	-	-	-	-	-	-	-	-	-	-
insomnia	-	-	-	-	+	-	-	+	+	+	-	-	-	-	-	-	-	-	-
natural born killers	-	+	-	-	+	-	+	+	+	-	-	-	-	-	-	-	-	-	-
nothing but a man	-	+	-	-	+	-	-	-	-	-	-	-	-	-	-	-	-	-	-
the negotiator	-	-	-	-	+	-	+	+	+	+	-	-	-	-	-	-	-	-	-
neuromancer	-	-	+	-	-	-	+	-	-	-	+	-	-	-	-	-	-	-	-
never been kissed	+	+	-	-	+	-	-	-	-	-	-	-	-	-	-	-	-	-	-
the nightmare before christmas	-	-	-	-	-	-	-	-	-	-	-	+	-	-	-	+	-	-	-
verdict	-	-	-	-	+	-	-	-	-	-	-	-	-	-	-	-	-	-	-
the usual suspects	-	-	-	-	-	-	-	+	+	+	-	-	-	-	-	-	-	-	-
very bad things	+	-	-	-	-	-	-	+	+	-	-	-	-	-	-	-	-	-	-
vertigo	-	+	-	-	-	-	-	+	+	+	-	-	-	-	-	-	-	-	-
virtuosity	-	-	-	-	-	-	+	+	+	-	+	-	-	-	-	-	-	-	-
viridiana	-	-	-	-	+	-	-	-	-	-	-	-	-	-	-	-	-	-	-
tomorrow never dies	-	-	+	-	-	-	+	-	+	-	-	-	-	-	-	-	-	-	-
hellraiser iii: hell on earth	-	-	-	-	-	-	-	-	-	-	-	-	-	-	-	-	-	-	-
transatlantic merry-go-round	+	+	-	-	-	-	-	-	-	+	-	-	-	-	-	-	-	-	-
titanic	-	+	-	-	+	+	-	-	-	-	-	-	-	-	-	-	-	-	-
trouble in paradise	+	+	-	-	-	-	-	+	-	-	-	-	-	-	-	-	-	-	-
ticker	-	-	-	-	-	-	+	+	+	-	-	-	-	-	-	-	-	-	-
thx 1138	-	-	-	-	+	-	-	-	+	+	+	-	-	-	-	-	-	-	-
house of the damned	-	-	-	-	-	-	+	-	+	-	-	-	-	-	-	-	-	-	-
toy story	+	-	+	-	-	-	-	-	-	-	-	+	-	-	-	+	-	-	-
to sleep with anger	-	-	-	-	+	-	-	-	-	-	-	-	-	-	-	-	-	-	-
wall street	-	-	-	-	+	-	-	+	-	-	-	-	-	-	-	-	-	-	-
wag the dog	+	-	-	-	+	-	-	-	-	-	-	-	-	-	-	-	-	-	-
nashville	-	-	-	-	+	-	-	-	-	-	-	-	-	+	-	-	-	-	-
unforgiven	-	-	-	-	+	-	-	-	-	-	-	-	+	-	-	-	-	-	-
unbreakable	-	-	-	-	+	-	-	-	+	+	-	+	-	-	-	-	-	-	-
indiana jones and the temple of doom	-	-	+	-	-	-	+	-	-	-	-	-	-	-	-	-	-	-	-
indiana jones and the last crusade	-	-	+	-	-	-	+	-	+	-	-	+	-	-	-	-	-	-	-
basquiat	-	-	-	+	+	-	-	-	-	-	-	-	-	-	-	-	-	-	-
batman returns	-	-	-	-	-	-	+	+	+	-	-	+	-	-	-	-	-	-	-
hope and glory	-	-	-	-	+	-	-	-	-	-	-	-	-	-	+	-	-	-	-
his girl friday	+	+	-	-	+	-	-	-	-	-	-	-	-	-	-	-	-	-	-
assassins	-	-	-	-	-	-	+	+	+	-	-	-	-	-	-	-	-	-	-
asylum	-	+	-	-	+	-	-	-	+	-	-	-	-	-	-	-	-	-	-
barton fink	-	-	-	-	+	-	-	-	+	+	-	-	-	-	-	-	-	-	-
basic instinct	-	+	-	-	-	-	-	-	+	+	-	-	-	-	-	-	-	-	-
badlands	-	+	-	-	+	-	-	+	+	-	-	-	-	-	-	-	-	-	-
the adventures of buckaroo banzai across the 8th dimension	+	+	+	-	-	-	-	-	-	-	+	-	-	-	-	-	-	-	-
peggy sue got married	+	+	-	-	+	-	-	-	-	-	-	+	-	-	-	-	-	-	-
pearl harbor	-	+	-	-	+	-	+	-	-	-	-	-	-	-	+	-	-	-	-
jurassic park iii	-	-	+	-	-	-	+	-	+	-	+	-	-	-	-	-	-	-	-
jerry maguire	+	+	-	-	+	-	-	-	-	-	-	-	-	-	-	-	+	-	-
jennifer eight	-	-	-	-	-	-	-	-	+	+	-	-	-	-	-	-	-	-	-
the jazz singer	-	+	-	-	+	-	-	-	-	-	-	-	-	+	-	-	-	-	-
jaws: the revenge	-	-	-	-	-	-	-	-	+	-	-	-	-	-	-	-	-	-	-
jaws 3-d	-	-	-	-	-	-	-	-	+	-	-	-	-	-	-	-	-	-	-
jaws 2	-	-	-	-	-	-	-	-	+	-	-	-	-	-	-	-	-	-	-
it's a wonderful life	-	+	-	-	+	-	-	-	-	-	-	+	-	-	-	-	-	-	-
isle of the dead	-	-	-	-	+	-	-	-	+	+	-	-	-	-	-	-	-	-	-
i still know what you did last summer	-	-	-	-	-	-	-	-	+	+	-	-	-	-	-	-	-	-	-
a nightmare on elm street 3: dream warriors	-	-	-	-	-	-	-	-	+	-	-	+	-	-	-	-	-	-	-
a nightmare on elm street part 2: freddy's revenge	-	-	-	-	-	-	-	-	+	-	-	+	-	-	-	-	-	-	-
tombstone	-	+	-	-	+	+	+	-	-	-	-	-	+	-	-	-	-	-	-
the curse of the cat people	-	-	-	-	+	-	-	-	-	-	-	+	-	-	-	-	-	-	-
cruel intentions	-	+	-	-	+	-	-	-	+	-	-	-	-	-	-	-	-	-	-
the crow	-	-	-	-	-	-	+	+	+	-	-	+	-	-	-	-	-	-	-
crouching tiger, hidden dragon	-	-	-	-	-	-	+	-	-	-	-	-	-	-	-	-	-	-	-
day of the dead	-	-	-	-	-	-	-	-	-	-	+	-	-	-	-	-	-	-	-
dave	+	+	-	-	-	-	-	-	-	-	-	-	-	-	-	-	-	-	-
dark city	-	-	-	-	-	-	-	-	+	+	+	-	-	-	-	-	-	-	-
the curse	-	-	-	-	-	-	-	-	-	-	+	-	-	-	-	-	-	-	-
deep rising	-	-	-	-	-	-	+	-	+	-	+	-	-	-	-	-	-	-	-
dead poets society	-	-	-	-	+	-	-	-	-	-	-	-	-	-	-	-	-	-	-
intolerable cruelty	+	+	-	-	-	-	-	+	-	-	-	-	-	-	-	-	-	-	-
it happened one night	+	+	-	-	-	-	-	-	-	-	-	-	-	-	-	-	-	-	-
innerspace	+	-	+	-	-	-	+	+	-	-	+	-	-	-	-	-	-	-	-
the insider	-	-	-	+	+	-	-	-	+	-	-	-	-	-	-	-	-	-	-
jacob's ladder	-	-	-	-	+	-	-	-	+	+	-	-	-	-	-	-	-	-	-
jason x	-	-	-	-	-	-	-	-	-	-	+	-	-	-	-	-	-	-	-
jfk	-	-	-	+	+	+	-	-	+	+	-	-	-	-	-	-	-	-	-
jackie brown	-	-	-	-	+	-	-	+	+	-	-	-	-	-	-	-	-	-	-
jaws	-	-	-	-	-	-	-	-	+	-	-	-	-	-	-	-	-	-	-
juno	+	-	-	-	+	-	-	-	-	-	-	-	-	-	-	-	-	-	-
sunset blvd.	-	-	-	-	+	-	-	-	-	-	-	-	-	-	-	-	-	-	-
sugar & spice	+	-	-	-	-	-	-	+	-	-	-	-	-	-	-	-	-	-	-
stepmom	+	-	-	-	+	-	-	-	-	-	-	-	-	-	-	-	-	-	-
state and main	+	-	-	-	+	-	-	-	-	-	-	-	-	-	-	-	-	-	-
star trek: the motion picture	-	-	+	-	-	-	-	-	-	+	+	+	-	-	-	-	-	-	-
starship troopers	-	-	+	-	-	-	+	-	+	-	+	-	-	-	-	-	-	-	-
suburbia	+	-	-	-	+	-	-	-	-	-	-	-	-	-	-	-	-	-	-
dr. strangelove or: how i learned to stop worrying and love the bomb	+	-	-	-	+	-	-	-	-	-	-	-	-	-	-	-	-	-	-
stranglehold	-	-	+	-	-	-	+	+	-	-	-	-	-	-	-	-	-	-	-
storytelling	+	-	-	-	+	-	-	-	-	-	-	-	-	-	-	-	-	-	-
the ghost and the darkness	-	-	+	-	+	-	-	-	+	-	-	-	-	-	-	-	-	-	-
ghost world	+	-	-	-	+	-	-	-	-	-	-	-	-	-	-	-	-	-	-
ghost ship	-	-	-	-	-	-	-	-	+	+	-	-	-	-	-	-	-	-	-
get shorty	+	-	-	-	-	-	-	+	+	-	-	-	-	-	-	-	-	-	-
the graduate	+	+	-	-	+	-	-	-	-	-	-	-	-	-	-	-	-	-	-
gladiator	-	-	+	-	+	-	+	-	-	-	-	-	-	-	-	-	-	-	-
ghostbusters	+	-	-	-	-	-	-	-	-	-	+	+	-	-	-	-	-	-	-
ghostbusters ii	+	-	+	-	-	-	+	-	-	-	+	+	-	-	-	-	-	-	-
the grifters	-	-	-	-	+	-	-	+	+	-	-	-	-	-	-	-	-	-	-
grand hotel	-	+	-	-	+	-	-	-	-	-	-	-	-	-	-	-	-	-	-
all about eve	-	-	-	-	+	-	-	-	-	-	-	-	-	-	-	-	-	-	-
all the president's men	-	-	-	-	+	+	-	-	+	-	-	-	-	-	-	-	-	-	-
sphere	-	-	-	-	+	-	-	-	+	+	+	-	-	-	-	-	-	-	-
interview with the vampire: the vampire chronicles	-	-	-	-	+	-	-	-	-	-	-	+	-	-	-	-	-	-	-
star wars	-	-	+	-	-	-	+	-	-	-	+	+	-	-	-	-	-	-	-
